{
  "peak_shaving_benefit": -32946.950737736464,
  "energy_procurement_optimization": 17106.211729537376,
  "trading_revenue": 28129.207043740378
}