{
  "list_battery_max_state": 361.95652173913044,
  "list_battery_usability": 0.92,
  "list_battery_usable_max_state": 333.0,
  "list_battery_efficiency": 0.92,
  "list_battery_num_annual_cycles": 3430.0,
  "list_battery_proportion_hourly_max_load": 1031.333,
  "pv_annual_total": 45435000.0,
  "pv_consumed_percentage": 0.34,
  "grid_load_kwh_mean": 19.57393108189901,
  "grid_load_kwh_std": 19.05673252495029,
  "grid_load_kwh_min": 0.0,
  "grid_load_kwh_max": 84.24,
  "grid_load_kwh_sum": 687749.6424936035,
  "grid_load_kwh_p10": 1.23,
  "grid_load_kwh_p25": 2.04,
  "grid_load_kwh_p50": 11.34,
  "grid_load_kwh_p75": 36.72,
  "grid_load_kwh_p90": 45.94,
  "grid_load_kwh_p95": 52.38,
  "grid_load_kwh_peak_to_mean": 4.303683284033881,
  "grid_load_kwh_cv": 0.9735771749279839,
  "grid_load_kwh_iqr": 34.68,
  "grid_load_kwh_skewness": 0.6696449254663354,
  "consumption_kwh_mean": 459.2341086775276,
  "consumption_kwh_std": 726.6122096931996,
  "consumption_kwh_min": 0.0,
  "consumption_kwh_max": 2329.642034064911,
  "consumption_kwh_sum": 16135649.64249361,
  "consumption_kwh_p10": 1.39,
  "consumption_kwh_p25": 4.748984896889886,
  "consumption_kwh_p50": 39.925,
  "consumption_kwh_p75": 661.9216266038482,
  "consumption_kwh_p90": 1847.9644377852212,
  "consumption_kwh_p95": 2165.986416653048,
  "consumption_kwh_peak_to_mean": 5.0728854630891025,
  "consumption_kwh_cv": 1.5822261368730863,
  "consumption_kwh_iqr": 657.1726417069583,
  "consumption_kwh_skewness": 1.4680849910473799,
  "self_consumption_ratio": null,
  "load_pv_correlation": null,
  "temporal__peak_load_ratio": null,
  "temporal__weekend_load_ratio": null,
  "temporal__summer_winter_ratio": null
}