{
  "list_battery_max_state": 100.0,
  "list_battery_usability": 0.92,
  "list_battery_usable_max_state": 92.0,
  "list_battery_efficiency": 0.89,
  "list_battery_num_annual_cycles": 280.0,
  "list_battery_proportion_hourly_max_load": 0.85,
  "pv_annual_total": 800.0,
  "pv_peak_power": 50.0,
  "pv_consumed_percentage": 0.8,
  "grid_load_kwh_mean": 64.54371719888432,
  "grid_load_kwh_std": 40.15697949754827,
  "grid_load_kwh_min": 1.374988093376384,
  "grid_load_kwh_max": 212.31697755750093,
  "grid_load_kwh_sum": 2267808.0474999994,
  "grid_load_kwh_p10": 13.90550003644492,
  "grid_load_kwh_p25": 24.612585629160456,
  "grid_load_kwh_p50": 66.68313915229066,
  "grid_load_kwh_p75": 96.76190556886237,
  "grid_load_kwh_p90": 114.11387489372403,
  "grid_load_kwh_p95": 128.17148537962953,
  "grid_load_kwh_peak_to_mean": 3.28950650461097,
  "grid_load_kwh_cv": 0.6221671332286144,
  "grid_load_kwh_iqr": 72.14931993970191,
  "grid_load_kwh_skewness": 0.252109147960416,
  "consumption_kwh_mean": 65.68215071436703,
  "consumption_kwh_std": 41.17999869426033,
  "consumption_kwh_min": 1.4150042860563938,
  "consumption_kwh_max": 217.72235777654728,
  "consumption_kwh_sum": 2307808.0475,
  "consumption_kwh_p10": 14.05050003682495,
  "consumption_kwh_p25": 24.90080728913743,
  "consumption_kwh_p50": 67.32350017644814,
  "consumption_kwh_p75": 99.185162221691,
  "consumption_kwh_p90": 116.43932245150805,
  "consumption_kwh_p95": 131.58537017829718,
  "consumption_kwh_peak_to_mean": 3.31478728099754,
  "consumption_kwh_cv": 0.626958743682746,
  "consumption_kwh_iqr": 74.28435493255357,
  "consumption_kwh_skewness": 0.2818870825150266,
  "self_consumption_ratio": 1.0,
  "load_pv_correlation": 0.6037636483072206,
  "temporal__peak_load_ratio": 0.46648060969562904,
  "temporal__weekend_load_ratio": 0.0892411598434759,
  "temporal__summer_winter_ratio": 0.9205850343286449
}