{
  "list_battery_max_state": 3732.6086956521735,
  "list_battery_usability": 0.92,
  "list_battery_usable_max_state": 3434.0,
  "list_battery_efficiency": 0.92,
  "list_battery_num_annual_cycles": 3434.0,
  "list_battery_proportion_hourly_max_load": 0.01,
  "pv_annual_total": 345000.0,
  "pv_consumed_percentage": 0.33,
  "grid_load_kwh_mean": 45.29280654395961,
  "grid_load_kwh_std": 48.764637896061544,
  "grid_load_kwh_min": 4.989,
  "grid_load_kwh_max": 248.342,
  "grid_load_kwh_sum": 1591408.0507285648,
  "grid_load_kwh_p10": 9.8165,
  "grid_load_kwh_p25": 13.48675,
  "grid_load_kwh_p50": 22.569,
  "grid_load_kwh_p75": 67.1015,
  "grid_load_kwh_p90": 125.63900000000001,
  "grid_load_kwh_p95": 157.11375,
  "grid_load_kwh_peak_to_mean": 5.483034038947619,
  "grid_load_kwh_cv": 1.0766530408914339,
  "grid_load_kwh_iqr": 53.61475,
  "grid_load_kwh_skewness": 1.6843395091145912,
  "consumption_kwh_mean": 48.53307293740223,
  "consumption_kwh_std": 50.136177790142156,
  "consumption_kwh_min": 5.015,
  "consumption_kwh_max": 251.6257943047856,
  "consumption_kwh_sum": 1705258.0507285648,
  "consumption_kwh_p10": 10.703021652039336,
  "consumption_kwh_p25": 14.387,
  "consumption_kwh_p50": 25.12265407010034,
  "consumption_kwh_p75": 70.39725,
  "consumption_kwh_p90": 129.61013190735912,
  "consumption_kwh_p95": 162.70742271646597,
  "consumption_kwh_peak_to_mean": 5.1846252271998425,
  "consumption_kwh_cv": 1.0330311838034159,
  "consumption_kwh_iqr": 56.01025,
  "consumption_kwh_skewness": 1.624691093713581,
  "self_consumption_ratio": null,
  "load_pv_correlation": null,
  "temporal__peak_load_ratio": null,
  "temporal__weekend_load_ratio": null,
  "temporal__summer_winter_ratio": null
}