{
  "list_battery_max_state": 36.95652173913043,
  "list_battery_usability": 0.92,
  "list_battery_usable_max_state": 34.0,
  "list_battery_efficiency": 0.92,
  "list_battery_num_annual_cycles": 200.0,
  "list_battery_proportion_hourly_max_load": 127.765,
  "pv_annual_total": 34000.0,
  "pv_consumed_percentage": 0.44,
  "grid_load_kwh_mean": 45.29280654395961,
  "grid_load_kwh_std": 48.764637896061544,
  "grid_load_kwh_min": 4.989,
  "grid_load_kwh_max": 248.342,
  "grid_load_kwh_sum": 1591408.0507285648,
  "grid_load_kwh_p10": 9.8165,
  "grid_load_kwh_p25": 13.48675,
  "grid_load_kwh_p50": 22.569,
  "grid_load_kwh_p75": 67.1015,
  "grid_load_kwh_p90": 125.63900000000001,
  "grid_load_kwh_p95": 157.11375,
  "grid_load_kwh_peak_to_mean": 5.483034038947619,
  "grid_load_kwh_cv": 1.0766530408914339,
  "grid_load_kwh_iqr": 53.61475,
  "grid_load_kwh_skewness": 1.6843395091145912,
  "consumption_kwh_mean": 45.718580678750136,
  "consumption_kwh_std": 48.91910626861139,
  "consumption_kwh_min": 5.015,
  "consumption_kwh_max": 248.4700133874388,
  "consumption_kwh_sum": 1606368.0507285648,
  "consumption_kwh_p10": 9.933,
  "consumption_kwh_p25": 13.61019267715533,
  "consumption_kwh_p50": 23.1605,
  "consumption_kwh_p75": 67.6197988184774,
  "consumption_kwh_p90": 126.1255,
  "consumption_kwh_p95": 157.64959838391323,
  "consumption_kwh_peak_to_mean": 5.434770933362044,
  "consumption_kwh_cv": 1.0700049201516189,
  "consumption_kwh_iqr": 54.009606141322074,
  "consumption_kwh_skewness": 1.6776963104181073,
  "self_consumption_ratio": null,
  "load_pv_correlation": null,
  "temporal__peak_load_ratio": null,
  "temporal__weekend_load_ratio": null,
  "temporal__summer_winter_ratio": null
}