{
  "list_battery_max_state": 2548.9130434782605,
  "list_battery_usability": 0.92,
  "list_battery_usable_max_state": 2345.0,
  "list_battery_efficiency": 0.92,
  "list_battery_num_annual_cycles": 250.0,
  "list_battery_proportion_hourly_max_load": 0.1,
  "pv_annual_total": 494000.0,
  "pv_consumed_percentage": 0.23,
  "grid_load_kwh_mean": 64.54371719888432,
  "grid_load_kwh_std": 40.15697949754827,
  "grid_load_kwh_min": 1.374988093376384,
  "grid_load_kwh_max": 212.31697755750093,
  "grid_load_kwh_sum": 2267808.0474999994,
  "grid_load_kwh_p10": 13.90550003644492,
  "grid_load_kwh_p25": 24.612585629160456,
  "grid_load_kwh_p50": 66.68313915229066,
  "grid_load_kwh_p75": 96.76190556886237,
  "grid_load_kwh_p90": 114.11387489372403,
  "grid_load_kwh_p95": 128.17148537962953,
  "grid_load_kwh_peak_to_mean": 3.28950650461097,
  "grid_load_kwh_cv": 0.6221671332286144,
  "grid_load_kwh_iqr": 72.14931993970191,
  "grid_load_kwh_skewness": 0.252109147960416,
  "consumption_kwh_mean": 67.77743759961294,
  "consumption_kwh_std": 43.18164756613731,
  "consumption_kwh_min": 1.488654088683952,
  "consumption_kwh_max": 227.67096006970203,
  "consumption_kwh_sum": 2381428.0475000003,
  "consumption_kwh_p10": 14.297000037471,
  "consumption_kwh_p25": 25.54900006696137,
  "consumption_kwh_p50": 68.42550017933637,
  "consumption_kwh_p75": 102.04456222520523,
  "consumption_kwh_p90": 122.09803610087957,
  "consumption_kwh_p95": 138.17289153332342,
  "consumption_kwh_peak_to_mean": 3.3590965981133847,
  "consumption_kwh_cv": 0.6371094732324892,
  "consumption_kwh_iqr": 76.49556215824386,
  "consumption_kwh_skewness": 0.3420426995937786,
  "self_consumption_ratio": null,
  "load_pv_correlation": null,
  "temporal__peak_load_ratio": null,
  "temporal__weekend_load_ratio": null,
  "temporal__summer_winter_ratio": null
}