{
  "list_battery_max_state": 373.9130434782609,
  "list_battery_usability": 0.92,
  "list_battery_usable_max_state": 344.0,
  "list_battery_efficiency": 0.92,
  "list_battery_num_annual_cycles": 344.0,
  "list_battery_proportion_hourly_max_load": 0.968,
  "pv_annual_total": 34000.0,
  "pv_consumed_percentage": 0.34,
  "grid_load_kwh_mean": 64.54371719888432,
  "grid_load_kwh_std": 40.15697949754827,
  "grid_load_kwh_min": 1.374988093376384,
  "grid_load_kwh_max": 212.31697755750093,
  "grid_load_kwh_sum": 2267808.0474999994,
  "grid_load_kwh_p10": 13.90550003644492,
  "grid_load_kwh_p25": 24.612585629160456,
  "grid_load_kwh_p50": 66.68313915229066,
  "grid_load_kwh_p75": 96.76190556886237,
  "grid_load_kwh_p90": 114.11387489372403,
  "grid_load_kwh_p95": 128.17148537962953,
  "grid_load_kwh_peak_to_mean": 3.28950650461097,
  "grid_load_kwh_cv": 0.6221671332286144,
  "grid_load_kwh_iqr": 72.14931993970191,
  "grid_load_kwh_skewness": 0.252109147960416,
  "consumption_kwh_mean": 64.87272448485884,
  "consumption_kwh_std": 40.447655029581,
  "consumption_kwh_min": 1.3865527730609069,
  "consumption_kwh_max": 213.87913244080536,
  "consumption_kwh_sum": 2279368.0475,
  "consumption_kwh_p10": 13.934500036520925,
  "consumption_kwh_p25": 24.678794616903744,
  "consumption_kwh_p50": 66.85225017521304,
  "consumption_kwh_p75": 97.20908850808661,
  "consumption_kwh_p90": 114.76902702375662,
  "consumption_kwh_p95": 129.15705097909,
  "consumption_kwh_peak_to_mean": 3.296903808791387,
  "consumption_kwh_cv": 0.6234924669923706,
  "consumption_kwh_iqr": 72.53029389118286,
  "consumption_kwh_skewness": 0.2604477304595361,
  "self_consumption_ratio": null,
  "load_pv_correlation": null,
  "temporal__peak_load_ratio": null,
  "temporal__weekend_load_ratio": null,
  "temporal__summer_winter_ratio": null
}