{
  "list_battery_max_state": 592.391304347826,
  "list_battery_usability": 0.92,
  "list_battery_usable_max_state": 545.0,
  "list_battery_efficiency": 0.92,
  "list_battery_num_annual_cycles": 540.0,
  "list_battery_proportion_hourly_max_load": 8.339,
  "pv_annual_total": 4545000.0,
  "pv_consumed_percentage": 0.54,
  "grid_load_kwh_mean": 45.29280654395961,
  "grid_load_kwh_std": 48.764637896061544,
  "grid_load_kwh_min": 4.989,
  "grid_load_kwh_max": 248.342,
  "grid_load_kwh_sum": 1591408.0507285648,
  "grid_load_kwh_p10": 9.8165,
  "grid_load_kwh_p25": 13.48675,
  "grid_load_kwh_p50": 22.569,
  "grid_load_kwh_p75": 67.1015,
  "grid_load_kwh_p90": 125.63900000000001,
  "grid_load_kwh_p95": 157.11375,
  "grid_load_kwh_peak_to_mean": 5.483034038947619,
  "grid_load_kwh_cv": 1.0766530408914339,
  "grid_load_kwh_iqr": 53.61475,
  "grid_load_kwh_skewness": 1.6843395091145912,
  "consumption_kwh_mean": 115.1442409701891,
  "consumption_kwh_std": 126.18103214720767,
  "consumption_kwh_min": 5.015,
  "consumption_kwh_max": 567.5363753043529,
  "consumption_kwh_sum": 4045708.050728564,
  "consumption_kwh_p10": 12.147,
  "consumption_kwh_p25": 17.735,
  "consumption_kwh_p50": 63.84181105112633,
  "consumption_kwh_p75": 170.2623515221042,
  "consumption_kwh_p90": 336.7952485681965,
  "consumption_kwh_p95": 382.72318059314085,
  "consumption_kwh_peak_to_mean": 4.928916726727898,
  "consumption_kwh_cv": 1.0958518731290783,
  "consumption_kwh_iqr": 152.5273515221042,
  "consumption_kwh_skewness": 1.2651477152158055,
  "self_consumption_ratio": null,
  "load_pv_correlation": null,
  "temporal__peak_load_ratio": null,
  "temporal__weekend_load_ratio": null,
  "temporal__summer_winter_ratio": null
}