{
  "peak_shaving_benefit": 45711.701303862,
  "energy_procurement_optimization": 50060.306037959,
  "trading_revenue": 72923.403843611
}