{
  "peak_shaving_benefit": 4571164.701303862,
  "energy_procurement_optimization": 5006068.306037959,
  "trading_revenue": 7292369.403843611
}