{
  "peak_shaving_benefit": {
    "target_name": "peak_shaving_benefit",
    "model_type": "GradientBoostingRegressor",
    "r2_score": -404.3888092173145,
    "mae": 71820.9401212499,
    "rmse": 71909.68712954943,
    "cv_r2_mean": -103.99644424507737,
    "cv_r2_std": 173.4735797858767,
    "n_samples": 36,
    "n_features": 47,
    "feature_importance": {
      "battery_capacity_kwh": 8.018532144723956e-05,
      "battery_power_kw": 0.0,
      "kpi_annual_consumption_load_0_energy": 9.953561980551995e-05,
      "kpi_annual_total_generated_energy": 0.0,
      "kpi_annual_total_grid_load": 8.235143288960304e-05,
      "kpi_annual_total_grid_load_positive": 0.0013144218128517372,
      "kpi_annual_total_grid_load_negative": 0.05571485324240318,
      "kpi_max_abs_grid_load_pos_kW": 0.00046429348091683544,
      "kpi_max_abs_grid_load_neg_kW": 0.03118876171108216,
      "kpi_max_baseline_grid_load": 0.1088609556402477,
      "kpi_pv_annual_total": 0.00030521919071031854,
      "kpi_pv_consumed_directly": 0.006766116288575559,
      "kpi_pv_consumed_percentage": 8.141260255472764e-05,
      "kpi_pv_sold": 0.0003132949822323322,
      "kpi_pv_stored": 0.00023766555332126622,
      "kpi_battery_0_max_state": 0.0002368996528676212,
      "kpi_battery_0_max_positive_load": 0.0,
      "kpi_battery_0_max_negative_load": 0.0,
      "kpi_battery_0_num_annual_cycles": 0.0,
      "kpi_annual_usage_hours_da": 0.001671864057559556,
      "kpi_annual_usage_hours_ia": 6.160701652486304e-05,
      "kpi_annual_usage_hours_ic": 0.0016853739702058852,
      "delta_annual_total_energy_trade_cost": 0.0008622531822196889,
      "delta_annual_total_energy_trade_cost_da": 0.08482525390719671,
      "delta_annual_total_energy_trade_cost_ia": 1.7240109580922557e-05,
      "delta_annual_total_energy_trade_cost_ic": 0.10124290858710629,
      "delta_annual_total_grid_fee_cost": 0.040752366091430445,
      "delta_annual_total_grid_fee_cost_da": 0.10279193149118313,
      "delta_annual_total_grid_fee_cost_ia": 0.01679727607586184,
      "delta_annual_total_grid_fee_cost_ic": 0.19057177895166588,
      "delta_annual_total_grid_fee_cost_peak_load": 9.586504611120066e-06,
      "delta_annual_peak_load_grid_fee_cost_da": 0.0004982707564457077,
      "delta_annual_peak_load_grid_fee_cost_ia": 3.8691333413285235e-09,
      "delta_annual_peak_load_grid_fee_cost_ic": 0.00021015785827314164,
      "delta_avg_price_bought_da": 3.90593066366755e-05,
      "delta_avg_price_bought_ia": 3.489802234704943e-05,
      "delta_avg_price_bought_ic": 3.595683950441282e-05,
      "delta_avg_price_sold_da": 0.0033786480876734034,
      "delta_avg_price_sold_ia": 0.0032118413489682926,
      "delta_avg_price_sold_ic": 0.002211663949410291,
      "delta_annual_total_grid_load_cost": 0.008628344238333198,
      "delta_pct_annual_total_energy_trade_cost": 6.701153454506048e-05,
      "delta_pct_annual_total_grid_fee_cost": 0.10007002879251094,
      "delta_pct_annual_total_grid_fee_cost_ic": 0.1345340653205604,
      "ratio_max_load_for_fee_calculation_ic": 1.6869157027955306e-05,
      "ratio_max_load_in_peak_times_ic": 5.73093049750408e-11,
      "ratio_annual_peak_maximum_grid_load_kW_ic": 2.777438426859322e-05
    },
    "hyperparameters": {
      "model_type": "GradientBoostingRegressor",
      "group_aware": true
    },
    "training_date": "2026-01-28T22:18:32.688124",
    "model_path": "2_ml/artifacts/models/peak_shaving_benefit_model.joblib"
  },
  "energy_procurement_optimization": {
    "target_name": "energy_procurement_optimization",
    "model_type": "GradientBoostingRegressor",
    "r2_score": -145.07366642036928,
    "mae": 109894.5255413659,
    "rmse": 110272.62930421573,
    "cv_r2_mean": -38.11219327565847,
    "cv_r2_std": 61.76487679893147,
    "n_samples": 36,
    "n_features": 47,
    "feature_importance": {
      "battery_capacity_kwh": 0.04508773949919448,
      "battery_power_kw": 0.0,
      "kpi_annual_consumption_load_0_energy": 0.0049889540605406475,
      "kpi_annual_total_generated_energy": 0.0,
      "kpi_annual_total_grid_load": 0.010427315560583121,
      "kpi_annual_total_grid_load_positive": 0.005597257321865841,
      "kpi_annual_total_grid_load_negative": 0.03311848326132349,
      "kpi_max_abs_grid_load_pos_kW": 0.0005122459321630313,
      "kpi_max_abs_grid_load_neg_kW": 0.0026463599074932624,
      "kpi_max_baseline_grid_load": 0.01752985045565269,
      "kpi_pv_annual_total": 0.013263343836480652,
      "kpi_pv_consumed_directly": 0.002576310567468136,
      "kpi_pv_consumed_percentage": 0.0010714739148625092,
      "kpi_pv_sold": 0.0014861463821221014,
      "kpi_pv_stored": 0.0016015105030033204,
      "kpi_battery_0_max_state": 0.21106244883111575,
      "kpi_battery_0_max_positive_load": 0.0,
      "kpi_battery_0_max_negative_load": 0.0,
      "kpi_battery_0_num_annual_cycles": 0.0,
      "kpi_annual_usage_hours_da": 0.0003410669321806647,
      "kpi_annual_usage_hours_ia": 0.007244756006756235,
      "kpi_annual_usage_hours_ic": 0.0030923753690497878,
      "delta_annual_total_energy_trade_cost": 0.010942643498983178,
      "delta_annual_total_energy_trade_cost_da": 0.036382785706548904,
      "delta_annual_total_energy_trade_cost_ia": 0.17210971734641894,
      "delta_annual_total_energy_trade_cost_ic": 0.0970487149769081,
      "delta_annual_total_grid_fee_cost": 0.024805941479701672,
      "delta_annual_total_grid_fee_cost_da": 0.001712162777177853,
      "delta_annual_total_grid_fee_cost_ia": 0.015589317154994065,
      "delta_annual_total_grid_fee_cost_ic": 0.019634803141982266,
      "delta_annual_total_grid_fee_cost_peak_load": 0.0002175628866618286,
      "delta_annual_peak_load_grid_fee_cost_da": 0.012611553937984443,
      "delta_annual_peak_load_grid_fee_cost_ia": 3.264389311135688e-05,
      "delta_annual_peak_load_grid_fee_cost_ic": 0.013611608793335356,
      "delta_avg_price_bought_da": 0.00035515491607784964,
      "delta_avg_price_bought_ia": 0.016103963085602014,
      "delta_avg_price_bought_ic": 0.0005932160759180445,
      "delta_avg_price_sold_da": 0.0006424964681812295,
      "delta_avg_price_sold_ia": 0.0006411134924984471,
      "delta_avg_price_sold_ic": 0.0016895080866356602,
      "delta_annual_total_grid_load_cost": 0.17628826673648262,
      "delta_pct_annual_total_energy_trade_cost": 0.0037249877773704826,
      "delta_pct_annual_total_grid_fee_cost": 0.011330167433442269,
      "delta_pct_annual_total_grid_fee_cost_ic": 0.005415376122029336,
      "ratio_max_load_for_fee_calculation_ic": 2.1770355952952033e-07,
      "ratio_max_load_in_peak_times_ic": 1.059157474530845e-06,
      "ratio_annual_peak_maximum_grid_load_kW_ic": 0.01686737900906445
    },
    "hyperparameters": {
      "model_type": "GradientBoostingRegressor",
      "group_aware": true
    },
    "training_date": "2026-01-28T22:18:32.758937",
    "model_path": "2_ml/artifacts/models/energy_procurement_optimization_model.joblib"
  },
  "trading_revenue": {
    "target_name": "trading_revenue",
    "model_type": "GradientBoostingRegressor",
    "r2_score": -82.3898551201865,
    "mae": 220196.66045613476,
    "rmse": 221528.93935028615,
    "cv_r2_mean": -23.10690437035609,
    "cv_r2_std": 34.2780840039892,
    "n_samples": 36,
    "n_features": 47,
    "feature_importance": {
      "battery_capacity_kwh": 0.05732415699955563,
      "battery_power_kw": 0.0,
      "kpi_annual_consumption_load_0_energy": 0.0155969631574286,
      "kpi_annual_total_generated_energy": 0.0,
      "kpi_annual_total_grid_load": 0.007878466768261757,
      "kpi_annual_total_grid_load_positive": 0.023981913494547254,
      "kpi_annual_total_grid_load_negative": 0.09031433702626228,
      "kpi_max_abs_grid_load_pos_kW": 0.0005452294851477724,
      "kpi_max_abs_grid_load_neg_kW": 0.01813621219323373,
      "kpi_max_baseline_grid_load": 0.043327147402012725,
      "kpi_pv_annual_total": 2.561229756158295e-08,
      "kpi_pv_consumed_directly": 0.004380496970079069,