{
  "list_battery_max_state": 253.26086956521738,
  "list_battery_usability": 0.92,
  "list_battery_usable_max_state": 233.0,
  "list_battery_efficiency": 0.92,
  "list_battery_num_annual_cycles": 233.0,
  "list_battery_proportion_hourly_max_load": 0.953,
  "pv_annual_total": 233000.0,
  "pv_consumed_percentage": 0.22,
  "grid_load_kwh_mean": 19.57393108189901,
  "grid_load_kwh_std": 19.05673252495029,
  "grid_load_kwh_min": 0.0,
  "grid_load_kwh_max": 84.24,
  "grid_load_kwh_sum": 687749.6424936035,
  "grid_load_kwh_p10": 1.23,
  "grid_load_kwh_p25": 2.04,
  "grid_load_kwh_p50": 11.34,
  "grid_load_kwh_p75": 36.72,
  "grid_load_kwh_p90": 45.94,
  "grid_load_kwh_p95": 52.38,
  "grid_load_kwh_peak_to_mean": 4.303683284033881,
  "grid_load_kwh_cv": 0.9735771749279839,
  "grid_load_kwh_iqr": 34.68,
  "grid_load_kwh_skewness": 0.6696449254663354,
  "consumption_kwh_mean": 21.032833631990083,
  "consumption_kwh_std": 20.434228456061717,
  "consumption_kwh_min": 0.0,
  "consumption_kwh_max": 89.66701161029007,
  "consumption_kwh_sum": 739009.6424936036,
  "consumption_kwh_p10": 1.3,
  "consumption_kwh_p25": 2.274976641032871,
  "consumption_kwh_p50": 11.585,
  "consumption_kwh_p75": 38.543157913996964,
  "consumption_kwh_p90": 49.14417541455857,
  "consumption_kwh_p95": 57.70986470611034,
  "consumption_kwh_peak_to_mean": 4.26319216797827,
  "consumption_kwh_cv": 0.9715394898090235,
  "consumption_kwh_iqr": 36.26818127296409,
  "consumption_kwh_skewness": 0.6901167254158265,
  "self_consumption_ratio": null,
  "load_pv_correlation": null,
  "temporal__peak_load_ratio": null,
  "temporal__weekend_load_ratio": null,
  "temporal__summer_winter_ratio": null
}